Game Name,Overall Completion Time,Overall Ratio,Install Size (MB)
Call of Duty,170.0-220.5,3.245,315190.0
ARK: Survival Ascended,1.0-2.0,2.679,192220.0
Microsoft Flight Simulator,1000.0-1000.0,11.134,157000.0
ARK: Survival Evolved,2.0-4.0,2.3406666666666665,155960.0
Mortal Kombat 11,40.0-50.0,2.301,152640.0
Diablo IV,440.0-650.0,4.038787878787879,150870.0
Starfield,88.0-110.0,2.5366666666666666,147920.0
Forza Horizon 5,114.0-144.5,3.754909090909091,143740.0
S.T.A.L.K.E.R. 2: Heart of Chornobyl,100.0-120.0,6.661,142700.0
Halo Infinite,111.0-138.0,2.5386138613861386,142640.0
Star Wars Jedi: Survivor,40.0-50.0,1.788,134030.0
Indiana Jones and the Great Circle,40.0-50.0,2.228,133900.0
Gears of War 4,458.0-620.0,5.41425,133740.0
The Elder Scrolls Online,1000.0-1000.0,4.9415545590433485,127510.0
Gears 5,1000.0-1000.0,7.1588,126870.0
Assassin's Creed Valhalla,161.0-200.5,2.7805687203791467,120180.0
Sea of Thieves,1000.0-1000.0,9.181560283687944,115000.0
Sniper Elite 5,29.5-39.0,2.701090909090909,113670.0
Far Cry 6,82.0-109.0,2.93681592039801,112850.0
Fallout 76,171.0-215.0,3.367721518987342,107850.0
Fallout 76 (Windows),112.0-136.0,4.814556962025317,104690.0
Quantum Break,15.0-20.0,1.613,102560.0
Redfall,40.0-50.0,3.572,102280.0
Halo 5: Guardians,44.0-56.0,2.62,100970.0
Genshin Impact,300.0-500.0,2.73125,100210.0
For Honor,96.0-122.0,2.9873949579831933,96010.0
Wo Long: Fallen Dynasty,56.0-71.0,2.910410094637224,95870.0
Sniper Elite: Resistance,21.0-27.0,3.5785407725321887,91230.0
Age of Empires IV: Anniversary Edition,101.0-128.0,7.6075949367088604,90540.0
Dead Island 2 (Windows),54.0-66.0,2.9865671641791045,90190.0
EA SPORTS WRC,25.0-30.0,4.023,89570.0
DOOM Eternal (Windows),30.0-38.0,3.5158576051779935,89480.0
Mass Effect Legendary Edition,120.0-150.0,1.8552315608919383,88110.0
NINJA GAIDEN 2 Black,60.0-80.0,9.784,85990.0
Cricket 24 (Windows),35.0-36.0,3.376,84840.0
Cricket 24,15.0-20.0,3.919,82180.0
Battlefield V,40.0-50.0,2.729,81550.0
Star Wars Battlefront II,61.0-82.0,2.158851674641148,79750.0
Wild Hearts,80.0-100.0,3.945,79200.0
Avowed,68.0-69.0,18.708,74770.0
Battlefield 1,84.0-105.0,3.1045,74410.0
Remnant II,80.0-105.0,2.2897142857142856,73750.0
Overwatch 2,139.5-197.0,3.8664077669902914,73210.0
EA SPORTS PGA Tour,20.0-25.0,2.299,72030.0
As Dusk Falls,12.0-15.0,1.686,69900.0
theHunter: Call of the Wild (Windows),199.0-200.0,6.683914209115281,69440.0
Titanfall 2,15.0-20.0,1.882,68820.0
"Warhammer 40,000: Darktide",120.0-150.0,6.547,67720.0
MechWarrior 5: Clans,40.0-50.0,3.618,66810.0
EA SPORTS FC 24,100.0-120.0,2.636,63960.0
DIRT 5,28.0-37.0,2.6744444444444446,63880.0
Zombie Army 4: Dead War,51.5-72.0,3.3173553719008266,62380.0
Tom Clancy's Ghost Recon Wildlands,83.0-110.5,2.4193333333333333,62320.0
Injustice 2 (Windows),156.0-213.0,4.917991631799163,62090.0
EA SPORTS FC 24 (Xbox One),80.0-100.0,2.939,60880.0
DOOM,28.0-38.0,3.2,60870.0
DiRT Rally 2.0,84.0-114.0,3.7873817034700314,58720.0
The Evil Within (Windows),40.0-50.0,2.7135446685878963,58680.0
Anthem,60.0-80.0,2.902,58210.0
Dishonored 2 (Windows),25.0-30.0,3.233,58000.0
Star Wars Jedi: Fallen Order,25.0-30.0,2.002,57220.0
MLB The Show 24,6.0-8.0,1.57,57000.0
Cities: Skylines II (Windows),150.0-200.0,3.951,56670.0
RAGE 2,42.0-52.0,3.3560975609756096,56650.0
Immortals of Aveum,30.0-35.0,3.482,56630.0
Generation Zero,40.0-50.0,3.4884892086330934,56380.0
Dead by Daylight,811.0-1000.0,3.964187866927593,56080.0
F1 23,100.0-120.0,3.907,55790.0
Shadow of the Tomb Raider,47.0-64.0,1.824852071005917,55430.0
The Outer Worlds (Windows),39.0-48.0,3.3697841726618707,55300.0
Age of Empires II: Definitive Edition,200.0-300.0,6.1300509337860785,54500.0
Age of Empires III: Definitive Edition (Windows),11.0-15.0,3.2894039735099336,54310.0
Madden NFL 24,200.0-300.0,4.713,54070.0
Wolfenstein II: The New Colossus,92.0-116.0,4.315584415584415,53870.0
The Outer Worlds,54.0-68.0,2.823021582733813,53750.0
A Plague Tale: Requiem,20.0-25.0,2.115,53550.0
Fallout 4,108.0-139.0,1.834375,53510.0
Gears of War: Ultimate Edition (Windows),242.0-243.0,5.7456,52760.0
Harold Halibut,15.0-20.0,2.535,52040.0
Dishonored 2,40.0-50.0,3.03,51910.0
Battlefield 2042,100.0-120.0,3.149,51420.0
F1 22,25.0-30.0,3.204,50930.0
theHunter: Call of the Wild,120.0-150.0,7.299463806970509,50640.0
Madden NFL 23,80.0-100.0,3.888,50430.0
Control (Windows),24.0-31.0,2.0755395683453237,50190.0
Tales of Arise (Windows),52.0-65.0,2.6091286307053942,50170.0
Microsoft Flight Simulator 2024,-1.0--1.0,11.571,50000.0
Assassin's Creed Origins,74.0-98.0,1.64,49010.0
Battlefield Hardline,370.0-588.5,6.647179487179487,48920.0
Tales of Arise (Xbox One),75.0-100.0,2.0564315352697093,48870.0
Assassin's Creed Odyssey,110.5-145.0,1.6632432432432434,48720.0
Tales of Arise,75.0-100.0,2.145228215767635,48120.0
Senua's Saga: Hellblade II,6.0-8.0,1.553,47760.0
Hell Let Loose,80.0-100.0,10.754838709677419,47230.0
Batman: Arkham Knight,60.5-83.0,2.3415,47150.0
Yakuza Kiwami (Windows),60.0-80.0,2.916,46770.0
Dead by Daylight (Windows),500.0-750.0,5.1423001949317735,46450.0
Far Cry 5,63.0-79.0,2.3321533923303837,46440.0
Pillars of Eternity 2: Deadfire - Ultimate Edition (Windows),60.0-80.0,1.077,46080.0
Mass Effect: Andromeda,80.0-100.0,2.316,45980.0
Dragon Age: Inquisition,106.0-134.0,2.3261146496815286,45870.0
Mount & Blade II: Bannerlord,-1.0--1.0,10.11,45850.0
LEGO Star Wars: The Skywalker Saga,80.0-100.0,3.132,45140.0
Wolfenstein: The New Order (Windows),12.0-15.0,2.192,44760.0
RAGE 2 (Windows),35.0-42.0,3.721254355400697,44570.0
Wolfenstein: The New Order,20.0-25.0,1.964,44550.0
Ni no Kuni: Wrath of the White Witch Remastered,80.0-100.0,4.234,44430.0
Gears of War: Ultimate Edition,150.0-200.0,2.8168,44390.0
Spyro Reignited Trilogy,25.0-30.0,1.9816666666666667,43890.0
Halo Wars 2,82.0-114.0,2.9937142857142858,43600.0
Control: Ultimate Edition,25.0-30.0,1.902158273381295,43590.0
Yakuza Kiwami 2 (Windows),60.0-80.0,2.238,43080.0
Wolfenstein: Youngblood (Windows),50.0-60.0,3.632,42900.0
Battlefield 2042 (Xbox One),100.0-120.0,3.456,42280.0
Madden NFL 24 (Xbox One),60.0-80.0,3.474,42210.0
Control,31.0-39.0,1.9525179856115107,42070.0
Wolfenstein: Youngblood,50.0-60.0,2.973,41900.0
Star Wars Battlefront,125.0-162.0,3.308284023668639,41570.0
NHL 24,80.0-100.0,4.26,40800.0
Madden NFL 23 (Xbox One),80.0-100.0,3.184,40730.0
Yakuza Kiwami 2,60.0-80.0,2.279,40450.0
Farming Simulator 22,40.0-50.0,3.277,40000.0
NHL 23,313.0-314.0,3.956,39820.0
Yakuza 6: The Song of Life (Windows),40.0-50.0,1.914,39220.0
DEATHLOOP,25.0-30.0,3.676,39100.0
NHL 24 (Xbox One),212.0-213.0,3.998,39020.0
Wartales,150.0-200.0,5.4158620689655175,39000.0
Wartales,150.0-200.0,5.4158620689655175,39000.0
Yakuza 4 Remastered (Windows),60.0-80.0,2.713,38960.0
NHL 23 (Xbox One),184.0-185.0,3.755,38660.0
GRID Legends,75.0-100.0,3.53,38430.0
Battlefield 4,59.0-73.0,2.478125,38350.0
Prey (Windows),50.0-60.0,3.77907949790795,37990.0
NBA LIVE 19,308.0-309.0,6.813,37990.0
Prey,55.0-70.0,3.6552301255230124,37770.0
Yakuza 5 Remastered,150.0-200.0,2.949,37530.0
Wolfenstein: The Old Blood (Windows),15.0-20.0,2.143,37220.0
Yakuza: Like a Dragon,80.0-100.0,2.054,37150.0
Wolfenstein: The Old Blood,15.0-20.0,2.31,37140.0
Ryse: Son of Rome,47.0-61.0,2.488,36960.0
Fallout 4 (Windows),8.0-14.0,2.2175,35990.0
Lies of P,60.0-80.0,2.386,35770.0
Yakuza 6: The Song of Life,50.0-60.0,2.017,35760.0
Mafia: Definitive Edition (Windows),15.0-20.0,2.857,35720.0
Robin Hood - Sherwood Builders,62.0-63.0,5.819,35070.0
Call of the Wild: The Angler,150.0-200.0,5.051111111111111,35060.0
Monster Hunter Rise,600.0-1000.0,5.3945,34980.0
Lords of the Fallen,85.0-106.0,5.8275,34870.0
The Evil Within,70.0-93.0,2.740057636887608,34650.0
The Evil Within 2 (Windows),20.0-25.0,2.262,34570.0
Dishonored Definitive Edition,60.0-80.0,3.6670731707317072,34440.0
The Evil Within (JP),30.0-35.0,1.6795389048991354,34390.0
VALORANT,60.0-80.0,2.822,33480.0
Evil West,20.0-25.0,3.235,33470.0
Injustice 2,153.0-209.0,3.8418410041841002,33200.0
Watch_Dogs 2,49.0-63.0,2.1706349206349205,33170.0
Immortals Fenyx Rising,64.0-80.0,2.2558265582655825,32950.0
Phoenix Point,200.0-300.0,7.651,32750.0
Aliens: Dark Descent,50.0-60.0,3.353,32500.0
Ara: History Untold,50.0-50.0,11.345,32350.0
Plants vs. Zombies Garden Warfare 2,55.0-70.0,2.948,32130.000000000004
Dishonored: Death of the Outsider (Windows),12.0-15.0,2.03,31960.0
Dead Space,30.0-35.0,2.363,31910.0
Yakuza 5 Remastered (Windows),150.0-200.0,2.935,31590.0
SnowRunner (Windows),120.0-150.0,5.952,31510.0
Need for Speed Heat,40.0-50.0,3.192,31220.0
Yakuza 0 (Windows),150.0-200.0,4.602,31060.0
Ni no Kuni II: Revenant Kingdom - The Prince's Edition,80.0-100.0,3.261,30940.0
Plants vs. Zombies: Battle for Neighborville,150.0-200.0,2.753,30730.0
Psychonauts 2,25.0-30.0,1.965,30240.0
The Evil Within 2,25.0-30.0,2.165,29800.0
EA SPORTS UFC 4,15.0-20.0,2.905,29630.0
Need for Speed Unbound,40.0-50.0,3.874,29270.0
Kona II: Brume,15.0-20.0,3.137,29270.0
Battlefield 3,56.0-71.0,2.199375,28810.0
Resident Evil 3,20.0-25.0,1.862,28750.0
Atlas Fallen,21.0-27.0,2.658373205741627,28540.0
Dishonored: Death of the Outsider,15.0-20.0,2.141,28470.0
It Takes Two,12.0-15.0,1.803,28160.0
My Time at Sandrock,80.0-100.0,2.134,28140.0
Sunset Overdrive (Windows),25.0-30.0,3.5398280802292263,27740.0
The Elder Scrolls V: Skyrim Special Edition,80.0-100.0,2.0412903225806454,27530.0
Wreckfest (Windows),15.0-20.0,3.477,26820.0
Galacticare,40.0-50.0,3.874,26580.0
Chivalry 2,40.0-50.0,3.466,26460.0
Yakuza 0,150.0-200.0,4.475,26210.0
Sunset Overdrive,47.5-63.0,3.021818181818182,26060.0
Eiyuden Chronicle: Hundred Heroes,120.0-150.0,3.51,25980.0
Ghostwire: Tokyo,60.0-80.0,3.354237288135593,25850.0
Age of Mythology: Retold,45.0-55.0,4.5819004524886875,25420.0
Yakuza 3 Remastered (Windows),60.0-80.0,3.203,25350.0
The Elder Scrolls V: Skyrim Special Edition (Windows),8.0-10.0,2.2051612903225806,25300.0
Wasteland 3,132.0-166.0,4.50268456375839,25000.0
Yakuza 4 Remastered,60.0-80.0,2.742,24900.0
Need for Speed Payback,42.0-53.0,3.0664,24770.0
The Sims 4,2.0-3.0,2.693,24750.0
Farming Simulator 22 (Windows),30.0-35.0,3.796,24530.0
Tomb Raider: Definitive Edition,40.0-50.0,2.464,24240.0
No Man's Sky,50.0-60.0,2.966,24200.0
Car Mechanic Simulator 2021,80.0-100.0,3.219,23600.0
Disneyland Adventures,40.0-50.0,4.408,23400.0
Star Wars: Squadrons,80.0-100.0,9.076,23270.0
Resident Evil 2: Z Version,16.0-22.5,1.2672897196261683,23240.0
Resident Evil 2,27.0-33.5,2.2177570093457946,23170.0
Pillars Of Eternity II: Deadfire,60.0-80.0,2.516,22720.0
Resident Evil 3: Z Version,8.0-10.0,1.146,22600.0
Hot Wheels Unleashed 2 - Turbocharged,15.0-22.0,3.0966101694915253,22380.0
Crash Team Racing Nitro-Fueled,40.0-50.0,3.203,22370.0
Yakuza Kiwami,60.0-80.0,3.125,22330.0
Persona 3 Reload,95.0-120.0,1.7459227467811158,22250.0
Wreckfest,20.0-25.0,3.099,22020.0
Palworld,36.5-48.0,4.257923497267759,21930.0
EA SPORTS UFC 3,100.0-120.0,5.58,21890.0
Need for Speed Hot Pursuit Remastered,30.0-35.0,4.307,21830.0
RAGE,32.0-40.0,2.4416,21200.0
Wasteland 3 (Windows),91.0-114.0,4.660402684563758,20940.0
Rush: A Disney Pixar Adventure,15.0-20.0,3.401,20750.0
MechWarrior 5: Mercenaries,60.0-80.0,2.917,20560.0
Bleeding Edge,8.0-10.0,2.259,20210.0
Need for Speed,107.0-136.0,4.608636363636363,20150.0
Kunitsu-Gami: Path of the Goddess,30.0-35.0,4.935,20130.0
Stellaris (Windows),300.0-500.0,4.174005819592629,19840.0
Battletoads,15.0-20.0,4.007,19290.0
Crackdown 3: Campaign,26.5-33.0,3.732,19020.0
Crash Bandicoot N. Sane Trilogy,40.0-50.0,3.7163333333333335,18900.0
Hellblade: Senua's Sacrifice (Windows),6.0-8.0,1.588,18850.0
State of Decay 2: Juggernaut Edition,316.5-422.0,4.33,18340.0
Yakuza 3 Remastered,80.0-100.0,3.273,17870.0
Gigantic: Rampage Edition,247.0-248.0,14.854,17710.0
Plants vs. Zombies Garden Warfare,56.0-70.0,2.522,17500.0
A Way Out,6.0-8.0,1.79,17440.0
Expeditions: A MudRunner Game,60.0-80.0,5.156,17040.0
Flintlock: The Siege of Dawn,15.0-20.0,2.082,17020.0
Cities: Skylines - Remastered,225.5-298.0,4.680442804428044,16940.0
Mirror's Edge Catalyst,25.0-30.0,3.361,16800.0
Ashen,51.0-62.0,3.364995602462621,16790.0
Need for Speed Rivals,40.0-50.0,3.581,16580.0
The Bard's Tale IV: Director's Cut,50.0-60.0,4.513,16570.0
The Lamplighters League,50.0-60.0,3.896,16560.0
Dishonored Definitive Edition (Windows),40.0-50.0,3.2219512195121953,16309.999999999998
Hi-Fi RUSH,68.0-90.0,7.492,16050.0
Hellblade: Senua's Sacrifice,6.0-8.0,1.598,15440.0
Stellaris: Console Edition,80.0-100.0,3.4228504122497054,15420.0
Isonzo,60.0-80.0,4.453,15000.0
Dead Space 3,51.0-62.0,2.4712,14920.0
Superliminal,9.0-12.0,3.714166666666667,14410.0
Pillars of Eternity,80.0-100.0,3.145,14260.0
Road 96,6.0-8.0,1.505,13940.0
Trials of Mana,40.0-50.0,2.508,13930.0
Turbo Golf Racing,35.0-40.0,4.872,13840.0
ReCore,48.0-60.0,3.61,13660.0
Super Mega Baseball 3,60.0-80.0,9.463,13580.0
DayZ,1.0-2.0,3.549,13390.0
Nickelodeon All-Star Brawl 2,12.0-15.0,5.316,13260.0
Journey to the Savage Planet: Employee of the Month Edition,15.0-20.0,3.283,13200.0
Descenders,100.0-125.0,9.356,13110.0
Dead Space 2 (DE),20.0-25.0,1.716,12680.0
Dead Space 2,26.0-32.0,1.7504,12620.0
Orcs Must Die! 3,43.0-50.0,3.550232558139535,12570.0
Mass Effect 2,55.0-70.0,1.3394833948339484,12500.0
Crusader Kings III,781.0-782.0,8.17556270096463,12230.0
Age of Empires: Definitive Edition (Windows),2.0-3.0,1.5464,12180.0
My Time at Sandrock Online,60.0-80.0,3.294,12110.0
Manor Lords (Windows),25.0-30.0,5.728,11830.0
Tchia,20.0-25.0,2.098,11720.0
Coral Island,383.0-384.0,3.229,11430.0
Ori and the Will of the Wisps,20.0-25.0,3.378,11410.0
Journey to the Savage Planet: Employee of the Month Edition (Windows),12.0-15.0,2.942,11330.0
Disney Dreamlight Valley,200.0-300.0,2.125,11300.0
Pentiment,20.0-25.0,1.889,11110.0
The Gunk,6.0-8.0,1.634,11100.0
Frostpunk 2,70.0-71.0,6.512781954887218,10940.0
Mass Effect 3,58.0-72.0,1.5303225806451612,10600.0
Super Lucky's Tale,21.0-28.0,2.598,10300.0
Grounded,0.0-3.0,3.0584848484848486,10200.0
Cooking Simulator,8.0-10.0,12.671914893617021,9980.0
SpongeBob SquarePants: Battle for Bikini Bottom - Rehydrated,12.0-15.0,1.876,9980.0
HUMANITY,15.0-20.0,3.136,9820.0
Trailmakers,15.0-20.5,3.5175,9770.0
Cities: Skylines,283.5-373.5,4.835055350553506,9660.0
Legend of Mana,35.0-40.0,6.887,9580.0
Halo Wars: Definitive Edition,25.0-30.0,3.284,9510.0
Ori and the Blind Forest: Definitive Edition,20.0-25.0,3.2984,9480.0
Planet of Lana,6.0-8.0,2.796,9410.0
Wasteland 2: Director's Cut,80.0-100.0,2.852,9310.0
Wasteland 2: Director's Cut,80.0-100.0,2.852,9310.0
Mass Effect 2 (JP),40.0-50.0,1.2466019417475729,9300.0
The Last Case of Benedict Fox: Definitive Edition,15.0-20.0,2.653,9280.0
Still Wakes The Deep,8.0-10.0,2.101,9200.0
Tell Me Why,7.0-10.0,1.4213333333333333,9000.0
Zoo Tycoon: Ultimate Animal Collection,80.0-100.0,7.704,8970.0
Frostpunk (Windows),20.0-25.0,4.334328358208955,8960.0
Lost In Random,15.0-20.0,2.548,8930.0
Jusant,6.0-8.0,2.431,8900.0
Creatures of Ava,20.0-25.0,4.16,8820.0
Dungeons of Hinterberg,19.0-25.0,2.9615686274509803,8690.0
Open Roads,0.5-1.0,1.137,8640.0
Crusader Kings III (Windows),150.0-200.0,4.988444444444444,8580.0
PowerWash Simulator,40.0-50.0,2.639473684210526,8470.0
Overcooked! 2 (Windows),16.0-22.0,3.0716666666666668,8010.0
Train Sim World 5,1.0-2.0,4.242222222222222,7830.0
SpongeBob SquarePants: Battle for Bikini Bottom - Rehydrated (Windows),8.0-10.0,2.04,7740.0
Hollow Knight: Voidheart Edition,60.0-80.0,3.631,7660.0
Burnout Paradise Remastered,60.0-80.0,6.231,7660.0
DOOM 3,25.0-30.0,3.199,7480.0
Gears of War 3,1000.0-1000.0,2.849,7320.0
Octopath Traveler II,80.0-100.0,3.47,7210.0
Minecraft Legends,22.0-28.0,7.8165,7080.0
Go Mecha Ball,20.0-25.0,6.589,7060.0
Gears of War: Judgment,58.0-70.0,2.978,7040.0
Torment: Tides of Numenera,80.0-100.0,5.46,7030.0
Depersonalization (Windows),23.0-24.0,6.116,7000.0
Jurassic World Evolution 2,67.0-90.0,6.035714285714286,6890.0
Mass Effect,62.0-84.0,1.8583333333333334,6830.0
Dragon Age II,65.0-88.0,1.735036496350365,6810.0
Homestead Arcana,20.0-25.0,4.013,6710.0
Fable II,31.0-38.0,1.5725925925925925,6590.0
Medieval Dynasty,60.0-80.0,4.665,6520.0
Journey to the Savage Planet,21.0-28.0,2.8845283018867924,6500.0
For The King II,129.0-130.0,8.473,6480.0
We Love Katamari REROLL+ Royal Reverie,12.0-15.0,2.376,6440.0
Dragon Age: Origins,75.0-104.0,1.7474285714285713,6440.0
Dead Space (2008),20.0-25.0,1.811,6400.0
Return to Grace,4.0-5.0,1.431,6360.0
Gears of War 2,107.0-134.0,2.0114285714285716,6290.0
Gears of War,163.0-216.0,2.88,6270.0
Golf With Your Friends,12.5-17.5,3.8436260623229463,6230.0
Army of TWO (EU),33.0-40.0,2.3224,6210.0
Army of TWO,51.0-64.0,2.5096,6210.0
Banjo-Kazooie: Nuts & Bolts,35.0-41.0,3.18,6160.0
Nine Sols,30.0-35.0,2.585,6150.0
Kameo: Elements of Power,38.0-48.5,3.993,6090.0
Skate 3,28.0-36.0,3.3186666666666667,6000.0
Brütal Legend,41.0-52.0,2.9146788990825687,5910.0
Neon White,20.0-25.0,3.856,5880.0
The Elder Scrolls IV: Oblivion,68.0-90.0,1.4768,5870.0
Against the Storm (Windows),200.0-300.0,3.986607142857143,5810.0
Star Trucker,50.0-60.0,10.297,5790.0
All You Need Is Help,15.0-20.0,5.778,5720.0
New Super Lucky's Tale,10.0-12.0,2.17,5650.0
Fable III,29.0-35.0,1.9024,5610.0
Viva Piñata: Trouble In Paradise,20.0-25.0,2.23,5570.0
Crackdown 3: Wrecking Zone,6.0-8.0,2.388,5540.0
Dante's Inferno,30.0-40.5,1.986046511627907,5530.0
Golf With Your Friends (Windows),8.0-10.0,3.424929178470255,5510.0
Crysis 2,50.0-60.0,2.672,5490.0
Fallout 3,73.0-98.0,1.610967741935484,5480.0
Viva Piñata,40.0-50.0,1.983,5470.0
Mirror's Edge,33.0-40.0,3.1944,5460.0
Alice: Madness Returns,28.0-35.0,2.505,5410.0
Fight Night Champion,0.0-0.0,14.158260869565217,5370.0
Indivisible (Windows),15.0-20.0,2.485,5340.0
Dune: Spice Wars,20.0-25.0,5.521,5260.0
Full Throttle Remastered,2.0-3.0,1.273,5250.0
Perfect Dark Zero,60.0-80.0,3.929,5220.0
Minecraft Dungeons,77.5-104.0,4.71,5140.0
Grim Fandango Remastered,8.0-10.0,1.981,5140.0
Roboquest,42.0-54.0,2.8666666666666667,5140.0
Totally Accurate Battle Simulator,8.0-10.0,4.148,5060.0
skate. (2007),20.0-25.0,2.993,5000.0
Crysis 3,22.0-28.0,2.996,4970.0
Arcade Paradise,40.0-50.0,3.81,4890.0
Fallout: New Vegas,77.0-102.0,1.9027190332326285,4750.0
Bluey: The Videogame,2.0-3.0,1.583,4730.0
Medal of Honor: Airborne,40.0-50.0,4.213,4720.0
The Walking Dead,12.0-15.0,1.331,4650.0
Cooking Simulator (Windows),0.0-2.5,1.3515,4650.0
Fable Anniversary,20.0-25.0,2.103,4640.0
Return to Monkey Island,15.0-20.0,2.881,4600.0
Ninja Gaiden 3: Razor's Edge,60.0-80.0,8.726,4550.0
Football Manager 2024 Console,15.0-20.0,2.195,4540.0
Quake II,1.0-2.0,1.765,4520.0
Goat Simulator 3,23.0-30.0,3.330573248407643,4520.0
The Walking Dead: Season Two,8.0-10.0,1.096,4460.0
ScreamRide,50.0-60.0,13.725,4450.0
Sea of Stars,40.0-50.5,2.7392523364485983,4430.0
Medieval Dynasty (Xbox One),60.0-80.0,4.924,4400.0
The Walking Dead: A New Frontier,5.0-10.0,1.067,4390.0
Ninja Gaiden Σ2,100.0-120.0,5.797,4330.0
Another Crab's Treasure,15.0-20.0,2.133,4320.0
"Warhammer 40,000: Boltgun",9.5-13.0,2.0772222222222223,4290.0
Totally Reliable Delivery Service,8.0-11.0,4.396116504854369,4270.0
Ninja Gaiden Σ,120.0-150.0,7.984,4260.0
Crysis,15.0-20.0,1.636,4090.0
Mad Streets,1.0-2.0,1.657,4040.0
Human Fall Flat,16.0-27.0,4.75561797752809,4030.0000000000005
State of Decay: Year-One,93.0-120.0,2.7413333333333334,3920.0
Botany Manor,2.0-3.0,1.308,3890.0
The Bard's Tale ARPG : Remastered and Resnarkled,2.0-3.0,1.905,3810.0
House Flipper,37.0-49.5,3.7671641791044777,3740.0
Genesis Noir,3.0-4.5,1.3785123966942148,3700.0
SSX,35.0-40.0,5.777,3680.0
Thirsty Suitors,10.0-12.0,2.493,3630.0
Dordogne,3.0-4.0,1.738,3510.0
Frostpunk: Console Edition,170.0-225.0,5.818705035971223,3500.0
Deep Rock Galactic,300.0-500.0,4.415,3480.0
"Rolling Hills: Make Sushi, Make Friends",12.0-15.0,1.842,3440.0
Octopath Traveler,100.0-120.0,6.135,3420.0
This War of Mine: Final Cut,35.0-45.0,4.488888888888889,3390.0
Unravel Two,25.0-30.0,13.49,3340.0
Botany Manor (Windows),1.0-2.5,1.2401785714285714,3300.0
Solar Ash,15.0-20.0,3.365,3270.0
Slayers X: Terminal Aftermath: Vengance of the Slayer,6.0-8.0,2.539,3180.0
Unravel,12.0-15.0,3.093,3090.0
TUNIC,15.0-20.0,2.896,3080.0
Wasteland Remastered,25.0-30.0,3.579,3020.0
Astroneer,62.0-83.0,3.655813953488372,3000.0
Overcooked! 2,21.0-28.0,2.8066666666666666,3000.0
Max: The Curse of Brotherhood,8.0-10.0,1.865,2960.0
The Rewinder,4.0-6.0,1.8245,2930.0
Lightyear Frontier,16.0-20.0,3.7777142857142856,2900.0
Cocoon,4.0-5.0,1.455,2900.0
Flock,12.0-15.0,3.029,2840.0
Shady Part of Me,6.0-8.0,2.407,2810.0
SteamWorld Build,25.0-30.0,2.752,2720.0
PAW Patrol: Mighty Pups Save Adventure Bay,3.0-4.0,1.521,2680.0
Day of the Tentacle Remastered,2.0-3.0,1.411,2670.0
SUPERHOT: MIND CONTROL DELETE,10.0-12.0,2.287,2560.0
Peggle 2,17.0-24.0,2.4586206896551723,2550.0
Rise of Nations: Extended Edition (Windows),60.0-80.0,5.177,2520.0
Halo: Spartan Assault,20.0-25.0,3.732,2470.0
Shadowrun: Hong Kong - Extended Edition,35.0-40.0,3.085,2460.0
My Friend Peppa Pig,0.5-1.0,1.262,2420.0
Fe,12.0-15.0,2.985,2380.0
The Walking Dead: Michonne,3.0-6.0,1.049,2370.0
Broken Age,8.0-10.0,3.386,2340.0
INSIDE,3.0-4.0,1.441,2330.0
Shadowrun: Dragonfall - Director's Cut,40.0-50.0,3.145,2330.0
Have a Nice Death,60.0-80.0,8.942,2300.0
Iron Brigade,12.0-15.0,2.336,2110.0
Gang Beasts,1.0-2.0,1.927,1990.0
Ben 10: Power Trip,15.0-20.0,3.378,1950.0
Contrast,3.0-4.0,1.557,1940.0
Shadowrun Returns,20.0-25.0,2.695,1920.0
Citizen Sleeper 2: Starward Vector,15.0-20.0,2.124,1880.0
Minecraft,31.0-44.0,2.4345762711864407,1830.0
Clone Drone in the Danger Zone,41.5-53.5,5.7875,1820.0
The Case of the Golden Idol,0.5-2.0,1.3785185185185185,1820.0
Moving Out 2,15.0-20.0,3.666,1800.0
"Little Kitty, Big City",5.0-6.0,1.67,1740.0
Dead Space: Ignition,3.0-4.0,1.75,1640.0
Goat Simulator,12.0-17.0,2.502315789473684,1640.0
PlateUp!,0.0-0.5,3.308,1620.0
Citizen Sleeper,8.0-10.0,1.956,1530.0
Keplerth (Windows),161.0-162.0,5.082,1530.0
Turnip Boy Robs a Bank,5.0-6.0,1.66,1480.0
Sea of Solitude,5.0-6.0,1.971,1430.0
The Bard's Tale Trilogy,40.0-50.0,5.819,1400.0
Moonlighter,25.0-30.0,4.284,1370.0
Stardew Valley,165.0-220.0,4.646,1300.0
DOOM + DOOM II,3.0-4.0,2.465,1300.0
Quake,1.0-2.0,4.332,1270.0
Magical Delicacy,25.0-30.0,3.496,1240.0
Firework (Windows),3.0-4.0,1.302,1230.0
Metal Slug Tactics,102.0-103.0,11.252,1220.0
Hauntii,15.0-20.0,3.41,1190.0
Teenage Mutant Ninja Turtles: Shredder's Revenge,15.0-20.0,2.75,1160.0
Among Us,10.0-13.0,3.05,1140.0
Halo: Spartan Strike (Windows),10.0-12.0,2.245,1120.0
Costume Quest 2,8.0-10.0,1.408,1110.0
Wildfrost,35.0-40.0,3.408,1070.0
Cassette Beasts,40.0-50.0,3.608,1060.0
Chants of Sennaar,8.0-10.0,1.594,1021.0
Hypnospace Outlaw,6.0-8.0,2.313,1020.0
The Big Con,6.0-8.5,2.294,1015.0
The Cave,12.0-15.0,2.22,1011.0
Halo: Spartan Assault (Windows),9.0-12.0,2.416,1010.0
Stacking,7.0-10.0,1.42,994.0
Dead Cells,51.0-65.5,5.07037037037037,989.0
Merge & Blade,40.0-50.0,15.215,985.0
Vampire Survivors,54.0-71.5,1.7574074074074073,974.0
MASSIVE CHALICE,60.0-80.0,8.448,962.0
Starbound (Windows),12.0-15.0,1.4,943.0
Core Keeper,180.0-220.0,2.8641666666666667,894.0
Neon Abyss (Windows),40.0-50.0,4.949,890.0
Monster Sanctuary,43.0-54.0,4.185833333333333,879.0
Wargroove 2,25.0-30.0,6.571,828.0
Joy Ride Turbo,8.0-10.0,3.14,822.0
Monster Sanctuary (Windows),29.0-35.0,3.6908333333333334,779.0
Neon Abyss,50.0-60.0,7.143,771.0
Spirittea,60.0-80.0,2.556,712.0
Brotato,28.0-36.0,2.3262798634812287,710.0
Core Keeper (Windows),80.0-100.0,3.024,680.0
Unpacking,1.0-2.0,1.474,667.0
Stardew Valley (Windows),150.0-200.0,3.251,652.0
Lil Gator Game,4.0-5.0,1.469,607.0
Killer Instinct 2 Classic,15.0-20.0,2.222,570.0
Donut County,1.0-2.0,1.408,562.0
Slay The Spire,152.0-203.0,4.3439252336448595,561.0
Killer Instinct Classic,15.0-20.0,2.255,437.0
Minecraft (Windows),30.0-35.0,2.7555932203389832,416.0
Costume Quest,7.0-10.0,1.252,408.0
Terraria,81.0-103.0,3.407751937984496,387.0
Zuma's Revenge!,15.0-20.0,1.8375,375.0
Carrion,6.0-8.0,2.106,373.0
NHL 94 Rewind,2.0-3.0,2.213,323.0
Cities: Skylines II,-1.0--1.0,1.0,317.0
GoldenEye 007,15.0-20.0,3.181,311.0
DOOM 64,1.0-2.0,1.479,280.0
SteamWorld Dig,8.0-10.0,3.987,242.0
Perfect Dark (2010),50.0-60.0,3.425,240.0
Microsoft Solitaire Collection (UWP),350.0-500.0,3.176216216216216,233.0
Bejeweled 3,12.0-15.0,3.305,211.0
Carrion (Windows),6.0-8.0,1.966,185.0
SteamWorld Dig 2,15.0-20.0,3.692,181.0
Peggle,60.0-75.0,4.044,103.0
Banjo-Tooie,15.0-20.0,1.645,94.0
Plants vs. Zombies,15.0-20.0,2.175,84.0
Feeding Frenzy 2: Shipwreck Showdown,8.0-10.0,1.81,58.0
Banjo-Kazooie,12.0-15.0,1.87,48.0
Heavy Weapon,8.0-10.0,2.955,37.0
Feeding Frenzy,10.0-12.0,2.205,31.0
Zuma,50.0-60.0,4.605,27.0
Bejeweled 2,300.0-500.0,5.12,25.0
Jetpac Refuelled,10.0-12.0,4.935,22.0
